<?xml version="1.0"?>
<!-- This file defines a job the AET can support for a specific ISA. -->

<?CTOOLS version="1.1.0.0" Copyright="Copyright (c) 2005-2007 Texas Instruments"?><AET>
    <JOB_MAJOR_V>1</JOB_MAJOR_V>
    <JOB_MINOR_V>0</JOB_MINOR_V>


<!--*****************************************************************************-->
<!--                       FIRST LEVEL OF FUNCTION LIST                          -->
<!-- This property presents all the supported functions to UBM and has a default -->
<!-- value of Breakpoint. Every time UBM creates a operation and calls           -->
<!-- Operation::GetProperties()this property will be returned.                   -->
<!-- The menu item showed by UBM will be look like:                              -->
<!--                                                                             -->
<!--     Type | Breakpoint         |                                             -->
<!--          | Chained Breakpoint |                                             -->
<!--          | Watchpoint         |                                             -->
<!--          | Trace              |                                             -->
<!--          | Data Access Count  |                                             -->
<!--          | Watchdog Timer     |                                             -->
<!--                                                                             -->
<!-- For different device different set of functions will be listed              -->
<!-- Mapping of The Fields:                                                      -->
<!--    NAME         - IProperty::GetName()                                      -->
<!--    DESCRIPTION  - IProperty::GetDescription()                               -->
<!--    ALLOWEDLIST  - IStringProperty::GetAllowedValues()                       -->
<!-- Other definitions:                                                          -->
<!--    ALLOWEDITEM  - defines an item of allowed values                         -->
<!--    ALLOWED_KEY  - defines the child key when this allowed value is selected -->
<!--    ALLOWED_HALT - defines if the function halts CPU                         -->
<!--    ALLOWED_STRING - allowed string value                                    -->
<!-- Every time a allowed value is selected as the value of StringProperty, the  -->
<!-- CHILDKEY will be changed. The new CHILDKEY will be used to update the child -->
<!-- property of the StringProperty                                              -->
<!--*****************************************************************************-->
	<PROPERTY_STRING>                                           
      <NAME>Type</NAME>                                         
 	  <DESCRIPTION>Display all the AET functions</DESCRIPTION>	
	  <ALLOWEDLIST>
		  <ALLOWEDITEM>
			<ALLOWED_KEY>HWBP</ALLOWED_KEY>
			<ALLOWED_HALT>TRUE</ALLOWED_HALT>
			<ALLOWED_STRING>Breakpoint</ALLOWED_STRING>
		  </ALLOWEDITEM>
		  <ALLOWEDITEM>
			<ALLOWED_KEY>HWWP</ALLOWED_KEY>
			<ALLOWED_HALT>TRUE</ALLOWED_HALT>
			<ALLOWED_STRING>Watchpoint</ALLOWED_STRING>
		  </ALLOWEDITEM>
		  <ALLOWEDITEM>
			<ALLOWED_KEY>COUNT EVT</ALLOWED_KEY>
			<ALLOWED_STRING>Count Event</ALLOWED_STRING>
		  </ALLOWEDITEM>
		  <ALLOWEDITEM>
			<ALLOWED_KEY>TRACE</ALLOWED_KEY>
			<ALLOWED_STRING>Trace</ALLOWED_STRING>
		  </ALLOWEDITEM>
	  </ALLOWEDLIST>
	</PROPERTY_STRING>

<!--=============================================================================-->
<!--                        Trigger Type for AET Actions                         -->
<!-- This property defines the selection of a trigger for the AET actions.       -->
<!-- Trigger Type can be PC, Data Memory and any type of event (combination).    -->
<!--=============================================================================-->
	<PROPERTY_STRING>
	  <NAME>Trigger Type</NAME>	
 	  <DESCRIPTION>Option of PC, or event as action trigger</DESCRIPTION>		
	  <KEYITEM>
		  <KEYNAME>HWWP x</KEYNAME>	
		  <KEYNUMBER>1</KEYNUMBER>	
	  </KEYITEM>
	  <ALLOWEDLIST>
		  <ALLOWEDITEM>
			<ALLOWED_KEY>TRIGGER MEM LOCATION</ALLOWED_KEY>
			<ALLOWED_STRING>Data Memory</ALLOWED_STRING>
		  </ALLOWEDITEM>
		  <ALLOWEDITEM>
			<ALLOWED_KEY>TRIGGER EVENT</ALLOWED_KEY>
			<ALLOWED_STRING>Event</ALLOWED_STRING>
		  </ALLOWEDITEM>
	  </ALLOWEDLIST>
	</PROPERTY_STRING>

	<PROPERTY_STRING>
	  <NAME>Event Type</NAME>	
 	  <DESCRIPTION>Select the event for profile</DESCRIPTION>		
	  <KEYITEM>
		  <KEYNAME>TRIGGER EVENT</KEYNAME>	
		  <KEYNUMBER>1</KEYNUMBER>	
	  </KEYITEM>
	  <ALLOWEDLIST>
		  <ALLOWEDITEM>
			<ALLOWED_KEY>EMU INPUT</ALLOWED_KEY>
			<ALLOWED_STRING>EMU0</ALLOWED_STRING>             
			<ALLOWED_ENUM>57</ALLOWED_ENUM>
		  </ALLOWEDITEM>
		  <ALLOWEDITEM>
			<ALLOWED_KEY>EMU INPUT</ALLOWED_KEY>
			<ALLOWED_STRING>EMU1</ALLOWED_STRING>             
			<ALLOWED_ENUM>58</ALLOWED_ENUM>
		  </ALLOWEDITEM>
		  <ALLOWEDITEM>
			<ALLOWED_KEY>WP INPUT 0</ALLOWED_KEY>
			<ALLOWED_STRING>DBGRNG0</ALLOWED_STRING>             
			<ALLOWED_ENUM>202</ALLOWED_ENUM>
		  </ALLOWEDITEM>
		  <ALLOWEDITEM>
			<ALLOWED_KEY>WP INPUT 1</ALLOWED_KEY>
			<ALLOWED_STRING>DBGRNG1</ALLOWED_STRING>             
			<ALLOWED_ENUM>203</ALLOWED_ENUM>
		  </ALLOWEDITEM>
	  </ALLOWEDLIST>
	</PROPERTY_STRING>

	<PROPERTY_STRING>
	  <NAME>Action Type</NAME>	
 	  <DESCRIPTION>Actions to perform for EMU input</DESCRIPTION>		
	  <KEYITEM>
		  <KEYNAME>EMU INPUT</KEYNAME>	
		  <KEYNUMBER>1</KEYNUMBER>	
	  </KEYITEM>
 	  <ALLOWEDLIST>
		  <ALLOWEDITEM>
			<ALLOWED_STRING>Generate Interrupt</ALLOWED_STRING>
		  </ALLOWEDITEM>
	  </ALLOWEDLIST>
	</PROPERTY_STRING>

	<PROPERTY_STRING>
	  <NAME>Action Type</NAME>	
 	  <DESCRIPTION>Actions to perform for watch point match</DESCRIPTION>		
	  <KEYITEM>
		  <KEYNAME>WP INPUT 0</KEYNAME>	
		  <KEYNUMBER>1</KEYNUMBER>	
	  </KEYITEM>
 	  <ALLOWEDLIST>
		  <ALLOWEDITEM>
			<ALLOWED_STRING>Drive EMU0</ALLOWED_STRING>
		  </ALLOWEDITEM>
	  </ALLOWEDLIST>
	</PROPERTY_STRING>

	<PROPERTY_STRING>
	  <NAME>Action Type</NAME>	
 	  <DESCRIPTION>Actions to perform for watch point match</DESCRIPTION>		
	  <KEYITEM>
		  <KEYNAME>WP INPUT 1</KEYNAME>	
		  <KEYNUMBER>1</KEYNUMBER>	
	  </KEYITEM>
 	  <ALLOWEDLIST>
		  <ALLOWEDITEM>
			<ALLOWED_STRING>Drive EMU1</ALLOWED_STRING>
		  </ALLOWEDITEM>
	  </ALLOWEDLIST>
	</PROPERTY_STRING>

<!--=============================================================================-->
<!--                       Actions of PC/Data Action Point                       -->
<!--                                                                             -->
<!--     Action Type                                                             -->
<!--        Halt CPU                                                             -->
<!--        Drive EMU Pin                                                        -->
<!--             |--> EMU Pin Number | EMU 0   |                                 --> 
<!--                                 | EMU 1   |                                 -->
<!--=============================================================================-->
	<PROPERTY_STRING>
	  <NAME>Action Type</NAME>	
 	  <DESCRIPTION>Actions to perform at the defined PC address</DESCRIPTION>		
	  <KEYITEM>
		  <KEYNAME>HWBP x</KEYNAME>	
		  <KEYNUMBER>6</KEYNUMBER>	
	  </KEYITEM>
	  <KEYITEM>
		  <KEYNAME>TRIGGER MEM LOCATION</KEYNAME>	
		  <KEYNUMBER>6</KEYNUMBER>	
	  </KEYITEM>
	  <CHILDKEY>APACTION</CHILDKEY>	
	</PROPERTY_STRING>

	<PROPERTY_BOOL>
	  <NAME>Halt CPU</NAME>	
 	  <DESCRIPTION>Action of Halt CPU</DESCRIPTION>		
	  <KEYITEM>
		  <KEYNAME>APACTION</KEYNAME>	
		  <KEYNUMBER>1</KEYNUMBER>	
	  </KEYITEM>
  	  <VALUE>1</VALUE>
	</PROPERTY_BOOL>

	<PROPERTY_BOOL>
	  <NAME>Drive EMU Pin</NAME>	
 	  <DESCRIPTION>Action of Driving EMU Pin to Low</DESCRIPTION>		
	  <KEYITEM>
		  <KEYNAME>APACTION</KEYNAME>	
		  <KEYNUMBER>1</KEYNUMBER>	
	  </KEYITEM>
  	  <VALUE>0</VALUE>
	  <CHILDKEY>EMUPIN_NUM</CHILDKEY>	
	</PROPERTY_BOOL>

	<PROPERTY_STRING>
	  <NAME>EMU Pin Number</NAME>	
 	  <DESCRIPTION>EMU Pin to Drive</DESCRIPTION>		
	  <KEYITEM>
		  <KEYNAME>EMUPIN_NUM</KEYNAME>	
		  <KEYNUMBER>1</KEYNUMBER>	
	  </KEYITEM>
	  <ALLOWEDLIST>
		  <ALLOWEDITEM>
			<ALLOWED_STRING>EMU0</ALLOWED_STRING>
		  </ALLOWEDITEM>
		  <ALLOWEDITEM>
			<ALLOWED_STRING>EMU1</ALLOWED_STRING>
		  </ALLOWEDITEM>
	  </ALLOWEDLIST>
	</PROPERTY_STRING>


<!--****************************************************************************************-->
<!--                                Properties for Memory Access                            -->
<!--****************************************************************************************-->

<!--=============================================================================-->
<!--                           Type of Access                                    -->
<!-- Choice of read or write access. This unit defines the option for HW watch   -->
<!-- point, data action point, data access count, data trace.                    -->
<!--                                                                             -->
<!--     Type                | Watchpoint      |                                 -->
<!--       Location Type     | Point           |                                 -->
<!--                         | Range           |                                 -->
<!--          Location       | 0x00000000      |                                 -->
<!--          Memory Access  | Write/Read      |                                 -->
<!--                                                                             -->
<!--=============================================================================-->
	<PROPERTY_STRING>
	  <NAME>Location Type</NAME>	
 	  <DESCRIPTION>Options of watch point at a point or in a range</DESCRIPTION>		
	  <KEYITEM>
		  <KEYNAME>TRACE MEM LOCATION</KEYNAME>	
		  <KEYNUMBER>3</KEYNUMBER>	
	  </KEYITEM>
	  <ALLOWEDLIST>
		  <ALLOWEDITEM>
			<ALLOWED_KEY>TRACE LOCATION</ALLOWED_KEY>
			<ALLOWED_STRING>Point</ALLOWED_STRING>
		  </ALLOWEDITEM>
		  <ALLOWEDITEM>
			<ALLOWED_KEY>TRACE RANGE</ALLOWED_KEY>
			<ALLOWED_STRING>Range</ALLOWED_STRING>
		  </ALLOWEDITEM>
	  </ALLOWEDLIST>
	</PROPERTY_STRING>
	
	<PROPERTY_STRING>
	  <NAME>Memory</NAME>	
 	  <DESCRIPTION>Data memory write access</DESCRIPTION>		
  	  <VALUE>Write</VALUE>
	  <KEYITEM>
		  <KEYNAME>HWWP</KEYNAME>	
		  <KEYNUMBER>3</KEYNUMBER>	
	  </KEYITEM>
	  <ALLOWEDLIST>
		  <ALLOWEDITEM>
			<ALLOWED_STRING>Write</ALLOWED_STRING>
		  </ALLOWEDITEM>
		  <ALLOWEDITEM>
			<ALLOWED_STRING>Read</ALLOWED_STRING>
		  </ALLOWEDITEM>
	  </ALLOWEDLIST>
	</PROPERTY_STRING>

	<PROPERTY_BOOL>
	  <NAME>Memory Read</NAME>	
 	  <DESCRIPTION>Memory read access</DESCRIPTION>		
	  <KEYITEM>
		  <KEYNAME>TRACE MEM LOCATION</KEYNAME>	
		  <KEYNUMBER>3</KEYNUMBER>	
	  </KEYITEM>
  	  <VALUE>1</VALUE>
	</PROPERTY_BOOL>

	<PROPERTY_BOOL>
	  <NAME>Memory Write</NAME>	
 	  <DESCRIPTION>Memory write access</DESCRIPTION>		
	  <KEYITEM>
		  <KEYNAME>TRACE MEM LOCATION</KEYNAME>	
		  <KEYNUMBER>3</KEYNUMBER>	
	  </KEYITEM>
  	  <VALUE>1</VALUE>
	</PROPERTY_BOOL>


<!--=============================================================================-->
<!--                           Access Width                                      -->
<!-- This unit defines the access width option for HW watch point, data action   -->
<!-- point, data access count, data trace.                                       -->
<!--     CHILDKEY - key for the sub properties attached to it.                   -->
<!--                                                                             -->
<!--     Type                | Watchpoint      |                                 -->
<!--       Location Type     | Point           |                                 -->
<!--                         | Range           |                                 -->
<!--          Location       | 0x00000000      |                                 -->
<!--          Memory Access  | Write/Read      |                                 -->
<!--          Access Width                                                       -->
<!--               8 bit         X                                               -->
<!--               16 bit        X                                               -->
<!--               32 bit        X                                               -->
<!--                                                                             -->
<!--=============================================================================-->
	<PROPERTY_STRING>
	  <NAME>Access Width</NAME>	
 	  <DESCRIPTION>Memory access type</DESCRIPTION>	
  	  <VALUE>32 Bit</VALUE>
	  <KEYITEM>
		  <KEYNAME>HWWP</KEYNAME>	
		  <KEYNUMBER>4</KEYNUMBER>	
	  </KEYITEM>
	  <KEYITEM>
		  <KEYNAME>TRACE MEM LOCATION</KEYNAME>	
		  <KEYNUMBER>5</KEYNUMBER>	
	  </KEYITEM>
	  <ALLOWEDLIST>
		  <ALLOWEDITEM>
			<ALLOWED_STRING>8 Bit</ALLOWED_STRING>
		  </ALLOWEDITEM>
		  <ALLOWEDITEM>
			<ALLOWED_STRING>16 Bit</ALLOWED_STRING>
		  </ALLOWEDITEM>
		  <ALLOWEDITEM>
			<ALLOWED_STRING>32 Bit</ALLOWED_STRING>
		  </ALLOWEDITEM>
	  </ALLOWEDLIST>
	</PROPERTY_STRING>

<!--=============================================================================-->
<!--                         Chained PC Address Value 1                          -->
<!-- This is another unit to define a location with a key of CHAINED BP. The     -->
<!-- ENUNUMBER indicates it is the first location of a chained BP.               -->
<!--=============================================================================-->
	<PROPERTY_LOCATION>
	  <NAME>First Location</NAME>	
 	  <DESCRIPTION>Reference value of program address</DESCRIPTION>		
	  <KEYITEM>
		  <KEYNAME>CHAINED BP</KEYNAME>	
		  <KEYNUMBER>1</KEYNUMBER>	
	  </KEYITEM>
	  <VALUE>0</VALUE>
	  <PAGE>0</PAGE>	
	</PROPERTY_LOCATION>

<!--=============================================================================-->
<!--                         Chained PC Address Value 2                          -->
<!-- This is another unit to define a location with a key of CHAINED BP. The     -->
<!-- ENUNUMBER indicates it is the second location of a chained BP.              -->
<!--=============================================================================-->
	<PROPERTY_LOCATION>
	  <NAME>Second Location</NAME>	
 	  <DESCRIPTION>Reference value of program address</DESCRIPTION>		
	  <KEYITEM>
		  <KEYNAME>CHAINED BP</KEYNAME>	
		  <KEYNUMBER>2</KEYNUMBER>	
	  </KEYITEM>
	  <VALUE>4</VALUE>
	  <PAGE>0</PAGE>	
	</PROPERTY_LOCATION>
	
<!--=============================================================================-->
<!--                      Not Editable Overflow Flag                             -->
<!--=============================================================================-->
	<PROPERTY_BOOL>
	  <NAME>Overflow</NAME>	
 	  <DESCRIPTION>Overflow status</DESCRIPTION>		
	  <KEYITEM>
		  <KEYNAME>COUNT DATA</KEYNAME>	      <!-- Key of sub property for Count Data Access -->
		  <KEYNUMBER>2</KEYNUMBER>	
	  </KEYITEM>
	  <KEYITEM>
		  <KEYNAME>COUNT EVT</KEYNAME>	      <!-- Key of sub property for Count Event       -->
		  <KEYNUMBER>2</KEYNUMBER>	
	  </KEYITEM>
  	  <VALUE>0</VALUE>
	  <EDITABLE>FALSE</EDITABLE>	
	</PROPERTY_BOOL>

	<PROPERTY_STRING>
	  <NAME>Counter Number</NAME>	
 	  <DESCRIPTION>The option of selecting one of the two counter to use. Each counter have is own group of events to count.</DESCRIPTION>		
  	  <VALUE>0</VALUE>
	  <KEYITEM>
		  <KEYNAME>COUNT EVT</KEYNAME>	
		  <KEYNUMBER>3</KEYNUMBER>	
	  </KEYITEM>
	  <ALLOWEDLIST>
		  <ALLOWEDITEM>
			<ALLOWED_SAMELEVEL_KEY>COUNTER 0</ALLOWED_SAMELEVEL_KEY>
			<ALLOWED_STRING>0</ALLOWED_STRING>
		  </ALLOWEDITEM>
		  <ALLOWEDITEM>
			<ALLOWED_SAMELEVEL_KEY>COUNTER 1</ALLOWED_SAMELEVEL_KEY>
			<ALLOWED_STRING>1</ALLOWED_STRING>
		  </ALLOWEDITEM>
	  </ALLOWEDLIST>
	</PROPERTY_STRING>

<!--=============================================================================-->
<!--                      Not Editable Counter Value                             -->
<!--=============================================================================-->
	<PROPERTY_INTEGER>
	  <NAME>Current Count</NAME>	
 	  <DESCRIPTION>Value of the count</DESCRIPTION>		
	  <KEYITEM>
		  <KEYNAME>COUNT EVT</KEYNAME>	
		  <KEYNUMBER>1</KEYNUMBER>	
	  </KEYITEM>
  	  <VALUE>0</VALUE>
	  <DISPLAYTYPE>DEC</DISPLAYTYPE>
	  <RANGELO>0</RANGELO>
	  <RANGEHI>0xFFFFFFFF</RANGEHI>
	  <EDITABLE>FALSE</EDITABLE>	
	</PROPERTY_INTEGER>

	<PROPERTY_STRING>
	  <NAME>Event to Count</NAME>	
 	  <DESCRIPTION>The list of the events for 32 bit mode.</DESCRIPTION>		
  	  <VALUE>0</VALUE>
	  <KEYITEM>
		  <KEYNAME>COUNTER 0</KEYNAME>	
		  <KEYNUMBER>1</KEYNUMBER>	
	  </KEYITEM>
	  <ALLOWEDLIST>
		  <ALLOWEDITEM>
			<ALLOWED_STRING>Clock Cycles</ALLOWED_STRING>
			<ALLOWED_ENUM>101</ALLOWED_ENUM>
		  </ALLOWEDITEM>
		  <ALLOWEDITEM>
			<ALLOWED_STRING>Bus Busy</ALLOWED_STRING>
			<ALLOWED_ENUM>102</ALLOWED_ENUM>
		  </ALLOWEDITEM>
		  <ALLOWEDITEM>
			<ALLOWED_STRING>Instruction Fetch</ALLOWED_STRING>
			<ALLOWED_ENUM>109</ALLOWED_ENUM>
		  </ALLOWEDITEM>
		  <ALLOWEDITEM>
			<ALLOWED_STRING>Data Fetch</ALLOWED_STRING>
			<ALLOWED_ENUM>110</ALLOWED_ENUM>
		  </ALLOWEDITEM>
		  <ALLOWEDITEM>
			<ALLOWED_STRING>System Event</ALLOWED_STRING>
			<ALLOWED_ENUM>107</ALLOWED_ENUM>
		  </ALLOWEDITEM>
	  </ALLOWEDLIST>
	</PROPERTY_STRING>

	<PROPERTY_STRING>
	  <NAME>Event to Count</NAME>	
 	  <DESCRIPTION>The list of the events for 32 bit mode.</DESCRIPTION>		
  	  <VALUE>0</VALUE>
	  <KEYITEM>
		  <KEYNAME>COUNTER 1</KEYNAME>	
		  <KEYNUMBER>1</KEYNUMBER>	
	  </KEYITEM>
	  <ALLOWEDLIST>
		  <ALLOWEDITEM>
			<ALLOWED_STRING>Clock Cycles</ALLOWED_STRING>
			<ALLOWED_ENUM>101</ALLOWED_ENUM>
		  </ALLOWEDITEM>
		  <ALLOWEDITEM>
			<ALLOWED_STRING>Instructions</ALLOWED_STRING>
			<ALLOWED_ENUM>103</ALLOWED_ENUM>
		  </ALLOWEDITEM>
		  <ALLOWEDITEM>
			<ALLOWED_STRING>Stalls</ALLOWED_STRING>
			<ALLOWED_ENUM>108</ALLOWED_ENUM>
		  </ALLOWEDITEM>
		  <ALLOWEDITEM>
			<ALLOWED_STRING>Instruction Fetch Miss</ALLOWED_STRING>
			<ALLOWED_ENUM>111</ALLOWED_ENUM>
		  </ALLOWEDITEM>
		  <ALLOWEDITEM>
			<ALLOWED_STRING>Data Fetch Miss</ALLOWED_STRING>
			<ALLOWED_ENUM>112</ALLOWED_ENUM>
		  </ALLOWEDITEM>
	  </ALLOWEDLIST>
	</PROPERTY_STRING>


	<PROPERTY_STRING>
	  <NAME>Count in Range</NAME>	
 	  <DESCRIPTION>The option of count the event in a range between two triggers, or a range enabled by a trigger.</DESCRIPTION>		
  	  <VALUE>No</VALUE>
	  <KEYITEM>
		  <KEYNAME>COUNT EVT x</KEYNAME>	
		  <KEYNUMBER>5</KEYNUMBER>	
	  </KEYITEM>
	  <ALLOWEDLIST>
		  <ALLOWEDITEM>
			<ALLOWED_STRING>No</ALLOWED_STRING>
		  </ALLOWEDITEM>
		  <ALLOWEDITEM>
			<ALLOWED_KEY>RANGE PAULSE</ALLOWED_KEY>
			<ALLOWED_STRING>Between Two Trigger</ALLOWED_STRING>
		  </ALLOWEDITEM>
		  <ALLOWEDITEM>
			<ALLOWED_KEY>RANGE LEVEL</ALLOWED_KEY>
			<ALLOWED_STRING>Enabled by a Trigger</ALLOWED_STRING>
		  </ALLOWEDITEM>
	  </ALLOWEDLIST>
	</PROPERTY_STRING>

	<PROPERTY_STRING>
	  <NAME>Start at</NAME>	
 	  <DESCRIPTION>Start count trigger</DESCRIPTION>		
	  <KEYITEM>
		  <KEYNAME>RANGE PAULSE</KEYNAME>	
		  <KEYNUMBER>1</KEYNUMBER>	
	  </KEYITEM>
	  <ALLOWEDLIST>
		  <ALLOWEDITEM>
			<ALLOWED_STRING>DBGRNG0</ALLOWED_STRING>
		  </ALLOWEDITEM>
		  <ALLOWEDITEM>
			<ALLOWED_STRING>DBGRNG1</ALLOWED_STRING>
		  </ALLOWEDITEM>
	  </ALLOWEDLIST>
	</PROPERTY_STRING>

	<PROPERTY_STRING>
	  <NAME>Stop at</NAME>	
 	  <DESCRIPTION>Stop count trigger</DESCRIPTION>		
	  <KEYITEM>
		  <KEYNAME>RANGE PAULSE</KEYNAME>	
		  <KEYNUMBER>2</KEYNUMBER>	
	  </KEYITEM>
	  <ALLOWEDLIST>
		  <ALLOWEDITEM>
			<ALLOWED_STRING>DBGRNG1</ALLOWED_STRING>
		  </ALLOWEDITEM>
		  <ALLOWEDITEM>
			<ALLOWED_STRING>DBGRNG0</ALLOWED_STRING>
		  </ALLOWEDITEM>
	  </ALLOWEDLIST>
	</PROPERTY_STRING>

	<PROPERTY_STRING>
	  <NAME>Enabled by</NAME>	
 	  <DESCRIPTION>Option of the trigger to enable the counter</DESCRIPTION>		
	  <KEYITEM>
		  <KEYNAME>RANGE LEVEL</KEYNAME>	
		  <KEYNUMBER>1</KEYNUMBER>	
	  </KEYITEM>
	  <ALLOWEDLIST>
		  <ALLOWEDITEM>
			<ALLOWED_STRING>DBGRNG0</ALLOWED_STRING>
		  </ALLOWEDITEM>
		  <ALLOWEDITEM>
			<ALLOWED_STRING>DBGRNG1</ALLOWED_STRING>
		  </ALLOWEDITEM>
		  <ALLOWEDITEM>
			<ALLOWED_STRING>Not DBGRNG0</ALLOWED_STRING>
		  </ALLOWEDITEM>
		  <ALLOWEDITEM>
			<ALLOWED_STRING>Not DBGRNG1</ALLOWED_STRING>
		  </ALLOWEDITEM>
	  </ALLOWEDLIST>
	</PROPERTY_STRING>

	<PROPERTY_STRING>
	  <NAME>Action</NAME>	
 	  <DESCRIPTION>Action to perform when counter reaches a defined value</DESCRIPTION>		
	  <KEYITEM>
		  <KEYNAME>COUNTER 0</KEYNAME>	
		  <KEYNUMBER>6</KEYNUMBER>	
	  </KEYITEM>
	  <ALLOWEDLIST>
		  <ALLOWEDITEM>
			<ALLOWED_STRING>No</ALLOWED_STRING>
		  </ALLOWEDITEM>
		  <ALLOWEDITEM>
			<ALLOWED_KEY>CNT VALUE</ALLOWED_KEY>
			<ALLOWED_STRING>Halt CPU</ALLOWED_STRING>
		  </ALLOWEDITEM>
		  <ALLOWEDITEM>
			<ALLOWED_KEY>CNT VALUE</ALLOWED_KEY>
			<ALLOWED_STRING>Generate Interrupt</ALLOWED_STRING>
		  </ALLOWEDITEM>
		  <ALLOWEDITEM>
			<ALLOWED_KEY>CNT VALUE</ALLOWED_KEY>
			<ALLOWED_STRING>Drive EMU0</ALLOWED_STRING>
		  </ALLOWEDITEM>
	  </ALLOWEDLIST>
	</PROPERTY_STRING>

	<PROPERTY_STRING>
	  <NAME>Action</NAME>	
 	  <DESCRIPTION>Action to perform when counter reaches a defined value</DESCRIPTION>		
	  <KEYITEM>
		  <KEYNAME>COUNTER 1</KEYNAME>	
		  <KEYNUMBER>6</KEYNUMBER>	
	  </KEYITEM>
	  <ALLOWEDLIST>
		  <ALLOWEDITEM>
			<ALLOWED_STRING>No</ALLOWED_STRING>
		  </ALLOWEDITEM>
		  <ALLOWEDITEM>
			<ALLOWED_KEY>CNT VALUE</ALLOWED_KEY>
			<ALLOWED_STRING>Generate Interrupt</ALLOWED_STRING>
		  </ALLOWEDITEM>
		  <ALLOWEDITEM>
			<ALLOWED_KEY>CNT VALUE</ALLOWED_KEY>
			<ALLOWED_STRING>Drive EMU1</ALLOWED_STRING>
		  </ALLOWEDITEM>
	  </ALLOWEDLIST>
	</PROPERTY_STRING>

	<PROPERTY_INTEGER>
	  <NAME>At Count Value</NAME>	
 	  <DESCRIPTION>Value at which an action will be taken</DESCRIPTION>		
	  <KEYITEM>
		  <KEYNAME>CNT VALUE</KEYNAME>	
		  <KEYNUMBER>1</KEYNUMBER>	
	  </KEYITEM>
 	  <VALUE>1</VALUE>
	  <DISPLAYTYPE>DEC</DISPLAYTYPE>
	  <RANGELO>0</RANGELO>
	  <RANGEHI>0xFFFFFFFF</RANGEHI>
	</PROPERTY_INTEGER>

	<PROPERTY_BOOL>
	  <NAME>Async Mode</NAME>	
 	  <DESCRIPTION>Set the counter input event to asynchonous mode.</DESCRIPTION>		
	  <KEYITEM>
		  <KEYNAME>COUNT EVT</KEYNAME>	
		  <KEYNUMBER>7</KEYNUMBER>	
	  </KEYITEM>
  	  <VALUE>0</VALUE>
	</PROPERTY_BOOL>

<!--=============================================================================-->
<!--                         Auto or Manual Reset Option                         -->
<!--=============================================================================-->
	<PROPERTY_STRING>
	  <NAME>Reset Option</NAME>	
 	  <DESCRIPTION>Auto or manual reset after each halt</DESCRIPTION>		
	  <KEYITEM>
		  <KEYNAME>COUNT EVT x</KEYNAME>	
		  <KEYNUMBER>8</KEYNUMBER>	
	  </KEYITEM>
	  <ALLOWEDLIST>
		  <ALLOWEDITEM>
			<ALLOWED_STRING>Manual</ALLOWED_STRING>
		  </ALLOWEDITEM>
		  <ALLOWEDITEM>
			<ALLOWED_STRING>Auto</ALLOWED_STRING>
		  </ALLOWEDITEM>
	  </ALLOWEDLIST>
	</PROPERTY_STRING>

<!--=============================================================================-->
<!--                          Actions for Standard Trace                         -->
<!-- The options of the action is depended on the trace type. This property      -->
<!-- is put at the same level of Trace Type.                                     -->
<!--         Action                                                              -->
<!--           |--> Trace On                                                     --> 
<!--           |--> Start Trace                                                  --> 
<!--           |--> End Trace                                                    --> 
<!--           |--> Trace in Range                                               --> 
<!--           |--> Don&apos;t Trace in Range                                    --> 
<!--           |--> Trace Variable                                               --> 
<!--           |--> Insert Trace Marker                                          --> 
<!--           |--> End All Trace                                                --> 
<!--=============================================================================-->
	<PROPERTY_STRING>
	  <NAME>Actions</NAME>	
 	  <DESCRIPTION>Trace action list</DESCRIPTION>	
	  <KEYITEM>
		  <KEYNAME>TRACE</KEYNAME>	
		  <KEYNUMBER>2</KEYNUMBER>	
	  </KEYITEM>
	  <ALLOWEDLIST>
		  <ALLOWEDITEM>
			<ALLOWED_KEY>TRACE ON DATA</ALLOWED_KEY>
			<ALLOWED_SAMELEVEL_KEY>TRACE DATA</ALLOWED_SAMELEVEL_KEY>
			<ALLOWED_STRING>Trace On</ALLOWED_STRING>
		  </ALLOWEDITEM>
		  <ALLOWEDITEM>
			<ALLOWED_KEY>TRACE LOCATION</ALLOWED_KEY>
			<ALLOWED_SAMELEVEL_KEY>TRACE DATA</ALLOWED_SAMELEVEL_KEY>
			<ALLOWED_STRING>Start Trace</ALLOWED_STRING>
		  </ALLOWEDITEM>
		  <ALLOWEDITEM>
			<ALLOWED_KEY>TRACE LOCATION</ALLOWED_KEY>
			<ALLOWED_SAMELEVEL_KEY>END TRACE DATA</ALLOWED_SAMELEVEL_KEY>
			<ALLOWED_STRING>End Trace</ALLOWED_STRING>
		  </ALLOWEDITEM>
		  <ALLOWEDITEM>
			<ALLOWED_KEY>TRACE RANGE</ALLOWED_KEY>
			<ALLOWED_SAMELEVEL_KEY>TRACE DATA</ALLOWED_SAMELEVEL_KEY>
			<ALLOWED_STRING>Trace in Range</ALLOWED_STRING>
		  </ALLOWEDITEM>
		  <ALLOWEDITEM>
			<ALLOWED_KEY>TRACE RANGE</ALLOWED_KEY>
			<ALLOWED_SAMELEVEL_KEY>TRACE DATA</ALLOWED_SAMELEVEL_KEY>
			<ALLOWED_STRING>Don't Trace in Range</ALLOWED_STRING>
		  </ALLOWEDITEM>
		  <ALLOWEDITEM>
			<ALLOWED_KEY>TRACE MEM LOCATION</ALLOWED_KEY>
			<ALLOWED_SAMELEVEL_KEY>TRACE VARIABLE</ALLOWED_SAMELEVEL_KEY>
			<ALLOWED_STRING>Trace Variable</ALLOWED_STRING>
		  </ALLOWEDITEM>
	  </ALLOWEDLIST>
	</PROPERTY_STRING>


<!--=============================================================================-->
<!--                         Wrapper of What to Trace List                       -->
<!--        Action  | Trace On      |                                            -->
<!--        What to Trace (for Trace On)                                         -->
<!--=============================================================================-->
	<PROPERTY_STRING>
	  <NAME>What to Trace</NAME>	
 	  <DESCRIPTION>Data steams to trace</DESCRIPTION>	
	  <VALUE>(Select data to trace)</VALUE>		
	  <KEYITEM>
		  <KEYNAME>TRACE DATA</KEYNAME>	
		  <KEYNUMBER>3</KEYNUMBER>	
	  </KEYITEM>
	  <EDITABLE>FALSE</EDITABLE>
	  <CHILDKEY>TRACE DATA FOR ALL</CHILDKEY>
	</PROPERTY_STRING>

	<PROPERTY_STRING>
	  <NAME>What to Trace</NAME>	
 	  <DESCRIPTION>Data steams to trace</DESCRIPTION>	
	  <VALUE>(Select data to trace)</VALUE>		
	  <KEYITEM>
		  <KEYNAME>TRACE VARIABLE</KEYNAME>	
		  <KEYNUMBER>10</KEYNUMBER>	
	  </KEYITEM>
	  <EDITABLE>FALSE</EDITABLE>
	  <CHILDKEY>TRACE DATA ONLY</CHILDKEY>
	</PROPERTY_STRING>

	<PROPERTY_STRING>
	  <NAME>What to End</NAME>	
 	  <DESCRIPTION>Data steams to trace</DESCRIPTION>	
	  <VALUE>(Select data to trace)</VALUE>		
	  <KEYITEM>
		  <KEYNAME>END TRACE DATA</KEYNAME>	
		  <KEYNUMBER>3</KEYNUMBER>	
	  </KEYITEM>
	  <EDITABLE>FALSE</EDITABLE>
	  <CHILDKEY>TRACE DATA FOR ALL</CHILDKEY>
	</PROPERTY_STRING>
	
	<PROPERTY_BOOL>
	  <NAME>Program Address</NAME>	
 	  <DESCRIPTION>Include program address in trace steam</DESCRIPTION>		
	  <KEYITEM>
		  <KEYNAME>TRACE DATA FOR ALL</KEYNAME>	
		  <KEYNUMBER>1</KEYNUMBER>	
	  </KEYITEM>
  	  <VALUE>1</VALUE>
	</PROPERTY_BOOL>

	<PROPERTY_BOOL>
	  <NAME>Data</NAME>	
 	  <DESCRIPTION>Include Data Bus</DESCRIPTION>		
	  <KEYITEM>
		  <KEYNAME>TRACE DATA FOR ALL</KEYNAME>	
		  <KEYNUMBER>2</KEYNUMBER>	
	  </KEYITEM>
	  <KEYITEM>
		  <KEYNAME>TRACE DATA ONLY</KEYNAME>	
		  <KEYNUMBER>2</KEYNUMBER>	
	  </KEYITEM>
  	  <VALUE>0</VALUE>
	</PROPERTY_BOOL>

<!--****************************************************************************************-->
<!--                                Properties for PC Access.                               -->
<!--****************************************************************************************-->

<!--=============================================================================-->
<!--                           PC Address Value                                  -->
<!-- This location will be the child property for defining a location. There are -->
<!-- some new fields defined by this unit.                                       -->
<!--    KEYNAME   - defines the key of the unit. Parent unit will use this key   -->
<!--                to attach sub properties.                                    -->
<!--    KEYNUMBER - defines the position of this property in the sub property    -->
<!--                list.                                                        -->
<!--    ENUMVALUE - defines the enum value of the signal or action.              -->
<!--    VALUE     - default value of the address                                 -->
<!--    PAGE      - default page number                                          -->
<!--                                                                             -->
<!-- This unit defines a location property that will attach to the property      -->
<!-- associated with the child key HWBP, HWAP, TRACE LOCATION.                   -->
<!--=============================================================================-->
	<PROPERTY_LOCATION>
	  <NAME>Location</NAME>	
 	  <DESCRIPTION>Reference value of program/data address</DESCRIPTION>		
	  <KEYITEM>
		  <KEYNAME>HWBP</KEYNAME>	
		  <KEYNUMBER>2</KEYNUMBER>	
	  </KEYITEM>
	  <KEYITEM>
		  <KEYNAME>HWWP</KEYNAME>	
		  <KEYNUMBER>2</KEYNUMBER>	
	  </KEYITEM>
	  <KEYITEM>
		  <KEYNAME>TRACE LOCATION</KEYNAME>	
		  <KEYNUMBER>1</KEYNUMBER>	
	  </KEYITEM>
	  <KEYITEM>
		  <KEYNAME>PC LOCATION</KEYNAME>	
		  <KEYNUMBER>1</KEYNUMBER>	
	  </KEYITEM>
	  <ENUMVALUE>1</ENUMVALUE>
	  <VALUE>0</VALUE>
	  <PAGE>0</PAGE>	
	</PROPERTY_LOCATION>

<!--=============================================================================-->
<!--                          Start Location of PC Range                         -->
<!-- This unit defines the start location of a PC range.                         -->
<!--=============================================================================-->
	<PROPERTY_LOCATION>
	  <NAME>Start Location</NAME>	
 	  <DESCRIPTION>Reference value of program/data address</DESCRIPTION>		
	  <KEYITEM>
		  <KEYNAME>TRACE RANGE</KEYNAME>	   <!-- Key for trace in range    -->
		  <KEYNUMBER>1</KEYNUMBER>	
	  </KEYITEM>
	  <ENUMVALUE>1</ENUMVALUE>
	  <VALUE>0</VALUE>
	  <PAGE>0</PAGE>	
	</PROPERTY_LOCATION>

<!--=============================================================================-->
<!--                          End Location of PC Range                           -->
<!-- This unit defines the End location of a PC range.                           -->
<!--=============================================================================-->
	<PROPERTY_LOCATION>
	  <NAME>End Location</NAME>	
 	  <DESCRIPTION>Reference value of program/data address</DESCRIPTION>		
	  <KEYITEM>
		  <KEYNAME>TRACE RANGE</KEYNAME>	   <!-- Key for trace in range    -->
		  <KEYNUMBER>2</KEYNUMBER>	
	  </KEYITEM>
	  <ENUMVALUE>1</ENUMVALUE>
	  <VALUE>4</VALUE>
	  <PAGE>0</PAGE>	
	</PROPERTY_LOCATION>
	
		
</AET>