<?xml version="1.0"?>
<!-- This file defines a job the AET can support for a specific ISA. -->

<?CTOOLS version="1.1.0.1" Copyright="Copyright (c) 2005-2007 Texas Instruments"?><AET>
    <JOB_MAJOR_V>1</JOB_MAJOR_V>
    <JOB_MINOR_V>0</JOB_MINOR_V>


<!--*****************************************************************************-->
<!--                       FIRST LEVEL OF FUNCTION LIST                          -->
<!-- This property presents all the supported functions to UBM and has a default -->
<!-- value of Breakpoint. Every time UBM creates a operation and calls           -->
<!-- Operation::GetProperties()this property will be returned.                   -->
<!-- The menu item showed by UBM will be look like:                              -->
<!--                                                                             -->
<!--     Type | Breakpoint         |                                             -->
<!--          | Chained Breakpoint |                                             -->
<!--          | Watchpoint         |                                             -->
<!--          | Trace              |                                             -->
<!--          | Data Access Count  |                                             -->
<!--          | Watchdog Timer     |                                             -->
<!--                                                                             -->
<!-- For different device different set of functions will be listed              -->
<!-- Mapping of The Fields:                                                      -->
<!--    NAME         - IProperty::GetName()                                      -->
<!--    DESCRIPTION  - IProperty::GetDescription()                               -->
<!--    ALLOWEDLIST  - IStringProperty::GetAllowedValues()                       -->
<!-- Other definitions:                                                          -->
<!--    ALLOWEDITEM  - defines an item of allowed values                         -->
<!--    ALLOWED_KEY  - defines the child key when this allowed value is selected -->
<!--    ALLOWED_HALT - defines if the function halts CPU                         -->
<!--    ALLOWED_STRING - allowed string value                                    -->
<!-- Every time a allowed value is selected as the value of StringProperty, the  -->
<!-- CHILDKEY will be changed. The new CHILDKEY will be used to update the child -->
<!-- property of the StringProperty                                              -->
<!--*****************************************************************************-->
	<PROPERTY_STRING>                                           
      <NAME>Type</NAME>                                         
 	  <DESCRIPTION>Display all the AET functions</DESCRIPTION>	
	  <ALLOWEDLIST>
		  <ALLOWEDITEM>
			<ALLOWED_KEY>HWBP</ALLOWED_KEY>
			<ALLOWED_HALT>TRUE</ALLOWED_HALT>
			<ALLOWED_STRING>Breakpoint</ALLOWED_STRING>
		  </ALLOWEDITEM>
		  <ALLOWEDITEM>
			<ALLOWED_KEY>COUNT EVT</ALLOWED_KEY>
			<ALLOWED_STRING>Count Event</ALLOWED_STRING>
		  </ALLOWEDITEM>
		  <ALLOWEDITEM>
			<ALLOWED_KEY>HWWP</ALLOWED_KEY>
			<ALLOWED_HALT>TRUE</ALLOWED_HALT>
			<ALLOWED_STRING>Watchpoint</ALLOWED_STRING>
		  </ALLOWEDITEM>
	  </ALLOWEDLIST>
	</PROPERTY_STRING>

<!--****************************************************************************************-->
<!--                            Event hierarchy for Trace Setting                           -->
<!--****************************************************************************************-->

<!--=============================================================================-->
<!--                            Option of Standard or Event Trace                -->
<!--        Action                                                               -->
<!--        What to Trace                                                        -->
<!--                                                                             -->
<!-- ALLOWD_SAMELEVEL - It is a second key used by some other property that      -->
<!--                    will use this key to put itself at the same level of     -->
<!--                    this property instead of as the child of a property.     -->
<!--=============================================================================-->

<!--****************************************************************************************-->
<!--                                Properties for PC Access.                               -->
<!--****************************************************************************************-->

<!--=============================================================================-->
<!--                           PC Address Value                                  -->
<!-- This location will be the child property for defining a location. There are -->
<!-- some new fields defined by this unit.                                       -->
<!--    KEYNAME   - defines the key of the unit. Parent unit will use this key   -->
<!--                to attach sub properties.                                    -->
<!--    KEYNUMBER - defines the position of this property in the sub property    -->
<!--                list.                                                        -->
<!--    ENUMVALUE - defines the enum value of the signal or action.              -->
<!--    VALUE     - default value of the address                                 -->
<!--    PAGE      - default page number                                          -->
<!--                                                                             -->
<!-- This unit defines a location property that will attach to the property      -->
<!-- associated with the child key HWBP, HWAP, TRACE LOCATION.                   -->
<!--=============================================================================-->
	<PROPERTY_LOCATION>
	  <NAME>Location</NAME>	
 	  <DESCRIPTION>Reference value of program address</DESCRIPTION>		
	  <KEYITEM>
		  <KEYNAME>HWBP</KEYNAME>	
		  <KEYNUMBER>2</KEYNUMBER>	
	  </KEYITEM>
	  <ENUMVALUE>1</ENUMVALUE>
	  <VALUE>0</VALUE>
	  <PAGE>0</PAGE>	
	</PROPERTY_LOCATION>

<!--****************************************************************************************-->
<!--                                Properties for Memory Access                            -->
<!--****************************************************************************************-->

	<PROPERTY_LOCATION>
	  <NAME>Location</NAME>	
 	  <DESCRIPTION>Reference value of data memory location</DESCRIPTION>		
	  <KEYITEM>
		  <KEYNAME>HWWP</KEYNAME>	
		  <KEYNUMBER>2</KEYNUMBER>	
	  </KEYITEM>
	  <VALUE>0</VALUE>
	  <PAGE>0</PAGE>	
	</PROPERTY_LOCATION>

<!--=============================================================================-->
<!--                           Type of Access                                    -->
<!-- Choice of read or write access. This unit defines the option for HW watch   -->
<!-- point, data action point, data access count, data trace.                    -->
<!--                                                                             -->
<!--     Type                | Watchpoint      |                                 -->
<!--       Location Type     | Point           |                                 -->
<!--                         | Range           |                                 -->
<!--          Location       | 0x00000000      |                                 -->
<!--          Memory Access  | Write/Read      |                                 -->
<!--                                                                             -->
<!--=============================================================================-->
	<PROPERTY_STRING>
	  <NAME>Memory</NAME>	
 	  <DESCRIPTION>Data memory write access</DESCRIPTION>		
  	  <VALUE>Write</VALUE>
	  <KEYITEM>
		  <KEYNAME>HWWP</KEYNAME>	
		  <KEYNUMBER>3</KEYNUMBER>	
	  </KEYITEM>
	  <ALLOWEDLIST>
		  <ALLOWEDITEM>
			<ALLOWED_STRING>Write</ALLOWED_STRING>
		  </ALLOWEDITEM>
		  <ALLOWEDITEM>
			<ALLOWED_STRING>Read</ALLOWED_STRING>
		  </ALLOWEDITEM>
		  <ALLOWEDITEM>
			<ALLOWED_STRING>Any</ALLOWED_STRING>
		  </ALLOWEDITEM>
	  </ALLOWEDLIST>
	</PROPERTY_STRING>

<!--=============================================================================-->
<!--                        Watch With Data Value                                -->
<!-- This unit defines the option of watch point with data value.                -->
<!--                                                                             -->
<!--     Type                | Watchpoint      |                                 -->
<!--       Location Type     | Point           |                                 -->
<!--                         | Range           |                                 -->
<!--          Location       | 0x00000000      |                                 -->
<!--          Memory Access  | Write/Read      |                                 -->
<!--          Access Width                                                       -->
<!--               8 bit         X                                               -->
<!--               16 bit        X                                               -->
<!--               32 bit        X                                               -->
<!--               64 bit        X                                               -->
<!--          With Data      | No              |                                 -->
<!--                         | Yes             |                                 -->
<!--                                                                             -->
<!--=============================================================================-->
	<PROPERTY_STRING>
	  <NAME>With Data</NAME>	
 	  <DESCRIPTION>Watch memory access with defined data value</DESCRIPTION>		
	  <KEYITEM>
		  <KEYNAME>HWWP</KEYNAME>	
		  <KEYNUMBER>6</KEYNUMBER>	
	  </KEYITEM>
	  <ALLOWEDLIST>
		  <ALLOWEDITEM>
			<ALLOWED_STRING>No</ALLOWED_STRING>
		  </ALLOWEDITEM>
		  <ALLOWEDITEM>
			<ALLOWED_KEY>HWWP DATA</ALLOWED_KEY>      <!-- The key point to data and mask -->
			<ALLOWED_STRING>Yes</ALLOWED_STRING>
		  </ALLOWEDITEM>
	  </ALLOWEDLIST>
	</PROPERTY_STRING>

<!--=============================================================================-->
<!--                        Data Value of the Watchpoint                        -->
<!-- This unit defines the option of data value for a watch point.               -->
<!--                                                                             -->
<!--     Type                | Watchpoint      |                                 -->
<!--       Location Type     | Point           |                                 -->
<!--                         | Range           |                                 -->
<!--          Location       | 0x00000000      |                                 -->
<!--          Memory Access  | Write/Read      |                                 -->
<!--          Access Width                                                       -->
<!--               8 bit         X                                               -->
<!--               16 bit        X                                               -->
<!--               32 bit        X                                               -->
<!--               64 bit        X                                               -->
<!--          With Data      | No              |                                 -->
<!--                         | Yes             |                                 -->
<!--              Data Value | 0x00000000      |                                 -->
<!--              Data Mask  | 0x00000000      |                                 -->
<!--                                                                             -->
<!--=============================================================================-->
	<PROPERTY_INTEGER>
	  <NAME>Data Value</NAME>	
 	  <DESCRIPTION>Data value to watch together memory location</DESCRIPTION>		
	  <KEYITEM>
		  <KEYNAME>HWWP DATA</KEYNAME>	
		  <KEYNUMBER>7</KEYNUMBER>	
	  </KEYITEM>
  	  <VALUE>0</VALUE>
	</PROPERTY_INTEGER>

<!--=============================================================================-->
<!--                        Data Size for Memory Data                            -->
<!-- This unit defines a reference size of memory data.                          -->
<!--                                                                             -->
<!--     Type                | Watchpoint      |                                 -->
<!--       Location Type     | Point           |                                 -->
<!--                         | Range           |                                 -->
<!--          Location       | 0x00000000      |                                 -->
<!--          Memory Access  | Write/Read      |                                 -->
<!--          Access Width                                                       -->
<!--               8  Bit        X                                               -->
<!--               16 Bit        X                                               -->
<!--               32 Bit        X                                               -->
<!--               64 Bit        X                                               -->
<!--          With Data      | No              |                                 -->
<!--                         | Yes             |                                 -->
<!--              Data Value | 0x00000000      |                                 -->
<!--              Data Mask  | 0x00000000      |                                 -->
<!--          Data Size      | 8  Bit          |                                 -->
<!--                         | 16 Bit          |                                 -->
<!--                         | 32 Bit          |                                 -->
<!--                         | 64 Bit          |                                 -->
<!--                                                                             -->
<!--=============================================================================-->
	<PROPERTY_STRING>
	  <NAME>Data Size</NAME>	
 	  <DESCRIPTION>Data size for memory location</DESCRIPTION>		
  	  <VALUE>32 Bit</VALUE>
	  <KEYITEM>
		  <KEYNAME>HWWP DATA</KEYNAME>	
		  <KEYNUMBER>8</KEYNUMBER>	
	  </KEYITEM>
	  <ALLOWEDLIST>
		  <ALLOWEDITEM>
			<ALLOWED_STRING>8 Bit</ALLOWED_STRING>
		  </ALLOWEDITEM>
		  <ALLOWEDITEM>
			<ALLOWED_STRING>16 Bit</ALLOWED_STRING>
		  </ALLOWEDITEM>
		  <ALLOWEDITEM>
			<ALLOWED_STRING>32 Bit</ALLOWED_STRING>
		  </ALLOWEDITEM>
		  <ALLOWEDITEM>
			<ALLOWED_STRING>64 Bit</ALLOWED_STRING>
		  </ALLOWEDITEM>
	  </ALLOWEDLIST>
	</PROPERTY_STRING>

<!--=============================================================================-->
<!--                      Not Editable Counter Value                             -->
<!--=============================================================================-->
	<PROPERTY_INTEGER>
	  <NAME>Current Count</NAME>	
 	  <DESCRIPTION>Value of the count</DESCRIPTION>		
	  <KEYITEM>
		  <KEYNAME>COUNT EVT</KEYNAME>	      <!-- Key of sub property for Count Event       -->
		  <KEYNUMBER>1</KEYNUMBER>	
	  </KEYITEM>
  	  <VALUE>0</VALUE>
	  <DISPLAYTYPE>DEC</DISPLAYTYPE>
	  <RANGELO>0</RANGELO>
	  <RANGEHI>0xFFFFFFFF</RANGEHI>
	  <EDITABLE>FALSE</EDITABLE>	
	</PROPERTY_INTEGER>

<!--****************************************************************************************-->
<!--                            Event hierarchy for System Event                            -->
<!--****************************************************************************************-->
	<PROPERTY_STRING>
	  <NAME>System Event</NAME>	
 	  <DESCRIPTION>Select the event for profile</DESCRIPTION>		
	  <KEYITEM>
		  <KEYNAME>COUNT EVT</KEYNAME>	
		  <KEYNUMBER>2</KEYNUMBER>	
	  </KEYITEM>
	  <ALLOWEDLIST>
		  <ALLOWEDITEM>
			<ALLOWED_STRING>Clock Cycles</ALLOWED_STRING>
			<ALLOWED_ENUM>10110</ALLOWED_ENUM>
		  </ALLOWEDITEM>
		  <ALLOWEDITEM>
			<ALLOWED_STRING>CPI Event</ALLOWED_STRING>
			<ALLOWED_ENUM>10111</ALLOWED_ENUM>
		  </ALLOWEDITEM>
		  <ALLOWEDITEM>
			<ALLOWED_STRING>Exception Overhead</ALLOWED_STRING>
			<ALLOWED_ENUM>10112</ALLOWED_ENUM>
		  </ALLOWEDITEM>
		  <ALLOWEDITEM>
			<ALLOWED_STRING>Sleep Cycles</ALLOWED_STRING>
			<ALLOWED_ENUM>10113</ALLOWED_ENUM>
		  </ALLOWEDITEM>
		  <ALLOWEDITEM>
			<ALLOWED_STRING>LSU Cycles</ALLOWED_STRING>
			<ALLOWED_ENUM>10114</ALLOWED_ENUM>
		  </ALLOWEDITEM>
		  <ALLOWEDITEM>
			<ALLOWED_STRING>Folded Instructions</ALLOWED_STRING>
			<ALLOWED_ENUM>10115</ALLOWED_ENUM>
		  </ALLOWEDITEM>
	  </ALLOWEDLIST>
	</PROPERTY_STRING>

<!--=============================================================================-->
<!--                         Auto or Manual Reset Option                         -->
<!--=============================================================================-->
	<PROPERTY_STRING>
	  <NAME>Reset Option</NAME>	
 	  <DESCRIPTION>Auto or manual reset after each halt</DESCRIPTION>		
	  <KEYITEM>
		  <KEYNAME>COUNT EVT</KEYNAME>	
		  <KEYNUMBER>3</KEYNUMBER>	
	  </KEYITEM>
	  <ALLOWEDLIST>
		  <ALLOWEDITEM>
			<ALLOWED_STRING>Auto</ALLOWED_STRING>
		  </ALLOWEDITEM>
	  </ALLOWEDLIST>
	  <EDITABLE>FALSE</EDITABLE>
	</PROPERTY_STRING>

		
</AET>