<?xml version="1.0"?>

<!-- This is a USCIF35 compatible XML.                        -->
<!-- Copyright (c) 2014-2015, Texas Instruments Incorporated. -->

<connection id="TIXDS110" desc="Texas Instruments XDS110 USB Debug Probe" class="185076">

    <connectionType Type="TIXDS110"/>
    <property Name="Diagnostic Command" Type="hiddenfield" Value="%ccs_base%/common/uscif/dbgjtag -f %boarddatafile% -rv -o -S integrity" ID="DiagnosticCommand"/>
    <property Name="Debug Probe Filename" Type="hiddenfield" Value="libjioxds110.so" ID="SEPK.POD_DRVR"/>
    <property Name="Debug Probe Selection" Type="choicelist" Value="0" ID="SEPK.POD_PORT">
        <choice Name="Only one XDS110 installed" value="0">
        </choice>
        <choice Name="Select by serial number"   value="0">
            <property Name="-- Enter the serial number" Type="stringfield" Value="Use xdsdfu to get or set serial number" ID="SEPK.POD_SERIAL"/>
        </choice>
    </property>
    <property Name="Title" Type="hiddenfield" Value="Texas Instruments XDS110 USB" ID="PRODUCT.TITLE"/>
    <property Name="Alias" Type="hiddenfield" Value="TI_XDS110_USB" ID="PRODUCT.ALIAS"/>
    <property Name="Name" Type="hiddenfield" Value="XDS110" ID="PRODUCT.NAME"/>
    <property Name="TMS/TDO Output Timing" Type="hiddenfield" Value="FALL" ID="USCIF.TDOEDGE"/>
    <property Name="The JTAG TCLK Frequency (MHz)" Type="choicelist" Value="0" ID="USCIF.TCLK_PROGRAM">
        <choice Name="Fixed default 2.5MHz frequency" value="DEFAULT">
            <property Name="unused" Type="hiddenfield" Value="2.5MHz" ID="USCIF.TCLK_FREQUENCY"/>
        </choice>
        <choice Name="Fixed with user specified value" value="SPECIFIC">
            <property Name="-- Enter a value from 100.0kHz to 2.5MHz" Type="stringfield" Value="1.0MHz" ID="USCIF.TCLK_FREQUENCY"/>
        </choice>
    </property>
    <property Name="JTAG Signal Isolation" Type="choicelist" Value="1" ID="USCIF.JTAG_ISOLATE">
        <choice Name="Don't isolate JTAG signals at final disconnect" value="disable" />
        <choice Name="Do isolate JTAG signals at final disconnect" value="enable" />
    </property>
    <property id="SWD Mode Settings" desc="JTAG / SWD / cJTAG Mode" Type="choicelist" Value="0" ID="DOT7.DTS_USAGE">
        <choice Name="JTAG (1149.1), SWD and cJTAG are disabled" value="nothing">
            <property id="SWD Debug" desc="" Type="hiddenfield" Value="disabled" ID="SWD.SWD_DEBUG" />
            <property id="SWO Data"  desc="" Type="hiddenfield" Value="aux_uart" ID="SWD.SWO_DATA" />
        </choice>
        <choice Name="SWD Mode - Aux COM port is target UART port" value="nothing">
            <property id="SWD Debug" desc="" Type="hiddenfield" Value="enabled" ID="SWD.SWD_DEBUG" />
            <property id="SWO Data"  desc="" Type="hiddenfield" Value="aux_uart" ID="SWD.SWO_DATA" />
        </choice>
        <choice Name="SWD Mode - Aux COM port is target TDO pin" value="nothing">
            <property id="SWD Debug" desc="" Type="hiddenfield" Value="enabled" ID="SWD.SWD_DEBUG" />
            <property id="SWO Data"  desc="" Type="hiddenfield" Value="tdo_pin" ID="SWD.SWO_DATA" />
        </choice>
        <choice Name="cJTAG (1149.7) 4-pin standard mode" value="enable">
            <property Name="The Converter Type" Type="hiddenfield" Value="xds110" ID="DOT7.DTS_TYPE" />
            <property Name="The Debug Probe Clock" Type="hiddenfield" Value="emulator" ID="DOT7.DTS_PROGRAM" />
            <property Name="The Converter 1149.7 Frequency Value" Type="hiddenfield" Value="1.0MHz" ID="DOT7.DTS_FREQUENCY" />
            <property Name="The Target Scan Format" Type="hiddenfield" Value="jscan0" ID="DOT7.TS_FORMAT" />
            <property Name="The Target Pin Width" Type="hiddenfield" Value="all_four" ID="DOT7.TS_PIN_WIDTH" />
            <property id="SWD Debug" desc="" Type="hiddenfield" Value="disabled" ID="SWD.SWD_DEBUG" />
            <property id="SWO Data"  desc="" Type="hiddenfield" Value="aux_uart" ID="SWD.SWO_DATA" />
        </choice>
        <choice Name="cJTAG (1149.7) 2-pin advanced modes" value="enable">
            <property Name="The Converter Type" Type="hiddenfield" Value="xds110" ID="DOT7.DTS_TYPE"/>
            <property Name="The Debug Probe Clock" Type="hiddenfield" Value="emulator" ID="DOT7.DTS_PROGRAM"/>
            <property Name="The Converter 1149.7 Frequency Value" Type="hiddenfield" Value="1.0MHz"  ID="DOT7.DTS_FREQUENCY"/>
            <property Name="Target Scan Format" Type="choicelist" Value="1" ID="DOT7.TS_FORMAT">
                <choice Name="OSCAN1 format - non-adaptive scans" value="oscan1"/>
                <choice Name="OSCAN2 format - faster transitions" value="oscan2"/>
            </property>
            <property Name="The Target Pin Width" Type="hiddenfield" Value="only_two" ID="DOT7.TS_PIN_WIDTH" />
            <property id="SWD Debug" desc="" Type="hiddenfield" Value="disabled" ID="SWD.SWD_DEBUG" />
            <property id="XDS110 Aux Port" desc="Auxiliary COM Port Connection" Type="choicelist" Value="0" ID="SWD.SWO_DATA">
                <choice Name="Aux COM port is target UART port" value="aux_uart" />
                <choice Name="Aux COM port is target TDO pin" value="tdo_pin" />
            </property>
        </choice>
    </property>
</connection>
