<?xml version='1.0' encoding='UTF-8'?>
<?artifactRepository version='1.1.0'?>
<repository name='${p2.artifact.repo.name}' type='org.eclipse.equinox.p2.artifact.repository.simpleRepository' version='1'>
  <properties size='1'>
    <property name='p2.timestamp' value='1455278822334'/>
  </properties>
  <mappings size='3'>
    <rule filter='(&amp; (classifier=osgi.bundle))' output='${repoUrl}/plugins/${id}_${version}.jar'/>
    <rule filter='(&amp; (classifier=binary))' output='${repoUrl}/binary/${id}_${version}'/>
    <rule filter='(&amp; (classifier=org.eclipse.update.feature))' output='${repoUrl}/features/${id}_${version}.jar'/>
  </mappings>
  <artifacts size='2'>
    <artifact classifier='org.eclipse.update.feature' id='com.ti.uniflash.cc3xx.feature' version='1.0.0.201602120706'>
      <properties size='2'>
        <property name='download.contentType' value='application/zip'/>
        <property name='download.size' value='452'/>
      </properties>
    </artifact>
    <artifact classifier='osgi.bundle' id='com.ti.uniflash.wireless.files' version='1.0.0.201602120706'>
      <properties size='2'>
        <property name='artifact.size' value='4096'/>
        <property name='download.size' value='6979362'/>
      </properties>
    </artifact>
  </artifacts>
</repository>
