<?xml version='1.0' encoding='UTF-8'?>
<?metadataRepository version='1.1.0'?>
<repository name='${p2.metadata.repo.name}' type='org.eclipse.equinox.internal.p2.metadata.repository.LocalMetadataRepository' version='1'>
  <properties size='1'>
    <property name='p2.timestamp' value='1455278822335'/>
  </properties>
  <units size='3'>
    <unit id='com.ti.uniflash.cc3xx.feature.feature.jar' version='1.0.0.201602120706'>
      <properties size='4'>
        <property name='org.eclipse.equinox.p2.name' value='CC3XXX Family Flash Support'/>
        <property name='org.eclipse.equinox.p2.description' value='[Enter Feature Description here.]'/>
        <property name='org.eclipse.equinox.p2.description.url' value='http://www.example.com/description'/>
        <property name='org.eclipse.equinox.p2.provider' value='Texas Instruments'/>
      </properties>
      <provides size='3'>
        <provided namespace='org.eclipse.equinox.p2.iu' name='com.ti.uniflash.cc3xx.feature.feature.jar' version='1.0.0.201602120706'/>
        <provided namespace='org.eclipse.equinox.p2.eclipse.type' name='feature' version='1.0.0'/>
        <provided namespace='org.eclipse.update.feature' name='com.ti.uniflash.cc3xx.feature' version='1.0.0.201602120706'/>
      </provides>
      <filter>
        (org.eclipse.update.install.features=true)
      </filter>
      <artifacts size='1'>
        <artifact classifier='org.eclipse.update.feature' id='com.ti.uniflash.cc3xx.feature' version='1.0.0.201602120706'/>
      </artifacts>
      <touchpoint id='org.eclipse.equinox.p2.osgi' version='1.0.0'/>
      <touchpointData size='1'>
        <instructions size='1'>
          <instruction key='zipped'>
            true
          </instruction>
        </instructions>
      </touchpointData>
      <licenses size='1'>
        <license uri='http://www.example.com/license' url='http://www.example.com/license'>
          [Enter License Description here.]
        </license>
      </licenses>
      <copyright uri='http://www.example.com/copyright' url='http://www.example.com/copyright'>
        [Enter Copyright Description here.]
      </copyright>
    </unit>
    <unit id='com.ti.uniflash.wireless.files' version='1.0.0.201602120706'>
      <update id='com.ti.uniflash.wireless.files' range='[0.0.0,1.0.0.201602120706)' severity='0'/>
      <properties size='2'>
        <property name='org.eclipse.equinox.p2.name' value='com.ti.uniflash.wireless.files'/>
        <property name='org.eclipse.equinox.p2.provider' value='Texas Instruments'/>
      </properties>
      <provides size='3'>
        <provided namespace='org.eclipse.equinox.p2.iu' name='com.ti.uniflash.wireless.files' version='1.0.0.201602120706'/>
        <provided namespace='osgi.bundle' name='com.ti.uniflash.wireless.files' version='1.0.0.201602120706'/>
        <provided namespace='org.eclipse.equinox.p2.eclipse.type' name='bundle' version='1.0.0'/>
      </provides>
      <requires size='1'>
        <required namespace='java.package' name='org.osgi.framework' range='1.3.0'/>
      </requires>
      <artifacts size='1'>
        <artifact classifier='osgi.bundle' id='com.ti.uniflash.wireless.files' version='1.0.0.201602120706'/>
      </artifacts>
      <touchpoint id='org.eclipse.equinox.p2.osgi' version='1.0.0'/>
      <touchpointData size='1'>
        <instructions size='2'>
          <instruction key='zipped'>
            true
          </instruction>
          <instruction key='manifest'>
            Bundle-SymbolicName: com.ti.uniflash.wireless.files;singleton:=true&#xA;Bundle-Version: 1.0.0.201602120706
          </instruction>
        </instructions>
      </touchpointData>
    </unit>
    <unit id='com.ti.uniflash.cc3xx.feature.feature.group' version='1.0.0.201602120706' singleton='false'>
      <update id='com.ti.uniflash.cc3xx.feature.feature.group' range='[0.0.0,1.0.0.201602120706)' severity='0'/>
      <properties size='5'>
        <property name='org.eclipse.equinox.p2.name' value='CC3XXX Family Flash Support'/>
        <property name='org.eclipse.equinox.p2.description' value='[Enter Feature Description here.]'/>
        <property name='org.eclipse.equinox.p2.description.url' value='http://www.example.com/description'/>
        <property name='org.eclipse.equinox.p2.provider' value='Texas Instruments'/>
        <property name='org.eclipse.equinox.p2.type.group' value='true'/>
      </properties>
      <provides size='1'>
        <provided namespace='org.eclipse.equinox.p2.iu' name='com.ti.uniflash.cc3xx.feature.feature.group' version='1.0.0.201602120706'/>
      </provides>
      <requires size='2'>
        <required namespace='org.eclipse.equinox.p2.iu' name='com.ti.uniflash.wireless.files' range='[1.0.0.201602120706,1.0.0.201602120706]'/>
        <required namespace='org.eclipse.equinox.p2.iu' name='com.ti.uniflash.cc3xx.feature.feature.jar' range='[1.0.0.201602120706,1.0.0.201602120706]'>
          <filter>
            (org.eclipse.update.install.features=true)
          </filter>
        </required>
      </requires>
      <touchpoint id='null' version='0.0.0'/>
      <licenses size='1'>
        <license uri='http://www.example.com/license' url='http://www.example.com/license'>
          [Enter License Description here.]
        </license>
      </licenses>
      <copyright uri='http://www.example.com/copyright' url='http://www.example.com/copyright'>
        [Enter Copyright Description here.]
      </copyright>
    </unit>
  </units>
</repository>
