<?xml version="1.0" encoding="UTF-8"?>
<feature
      id="com.ti.uniflash.feature"
      label="UniFlash Core Functions"
      version="1.0.0.201602120704"
      provider-name="Texas Instruments">

   <license url="http://processors.wiki.ti.com/index.php/Category:CCS_UniFlash">
      This is released under the same terms as your original UniFlash installation. To review the licensing terms, please visit the UniFlash Wiki page: 
  http://processors.wiki.ti.com/index.php/Category:CCS_UniFlash
   </license>

   <requires>
      <import plugin="org.eclipse.core.contenttype" version="3.3.0" match="compatible"/>
      <import plugin="org.eclipse.core.filebuffers" version="3.2.0" match="compatible"/>
      <import plugin="org.eclipse.core.filesystem" version="1.1.0" match="compatible"/>
      <import plugin="org.eclipse.core.resources" version="3.2.0" match="compatible"/>
      <import plugin="org.eclipse.core.runtime" version="3.7.0" match="compatible"/>
      <import plugin="org.eclipse.core.variables" version="3.1.100" match="compatible"/>
      <import plugin="org.eclipse.ltk.core.refactoring" version="3.4.0" match="greaterOrEqual"/>
      <import plugin="org.eclipse.text" version="3.2.0" match="compatible"/>
      <import plugin="org.eclipse.cdt.core" version="5.2.0" match="compatible"/>
      <import plugin="org.eclipse.equinox.common" version="3.2.0" match="compatible"/>
      <import plugin="org.eclipse.equinox.registry" version="3.2.0" match="compatible"/>
      <import plugin="org.eclipse.osgi" version="3.2.0" match="compatible"/>
      <import plugin="org.eclipse.core.runtime" version="3.6.0" match="compatible"/>
      <import plugin="org.eclipse.help" version="3.2.0" match="compatible"/>
      <import plugin="org.eclipse.jface" version="3.5.0" match="compatible"/>
      <import plugin="org.eclipse.core.expressions" version="3.4.0" match="compatible"/>
      <import plugin="org.eclipse.jface.databinding" version="1.3.0" match="compatible"/>
      <import plugin="org.eclipse.core.databinding.property" version="1.2.0" match="compatible"/>
      <import plugin="org.eclipse.core.databinding.observable" version="1.2.0" match="compatible"/>
      <import plugin="org.eclipse.text" version="3.5.0" match="compatible"/>
      <import plugin="org.eclipse.core.filesystem" version="1.2.0" match="compatible"/>
      <import plugin="org.eclipse.core.runtime" version="3.2.0" match="compatible"/>
      <import plugin="org.eclipse.swt" version="3.5.0" match="compatible"/>
      <import plugin="org.eclipse.ui.workbench" version="3.5.0" match="compatible"/>
      <import plugin="org.eclipse.core.expressions" version="3.2.0" match="compatible"/>
      <import plugin="org.eclipse.core.filesystem" version="1.3.0" match="compatible"/>
      <import plugin="org.eclipse.core.runtime" version="3.5.0" match="greaterOrEqual"/>
      <import plugin="org.eclipse.equinox.preferences" version="3.2.0" match="compatible"/>
      <import plugin="org.eclipse.core.commands" version="3.5.0" match="compatible"/>
      <import plugin="org.eclipse.equinox.common" version="3.5.0" match="compatible"/>
      <import plugin="org.eclipse.core.runtime" version="3.3.0" match="compatible"/>
      <import plugin="org.eclipse.swt" version="3.2.0" match="compatible"/>
      <import plugin="org.eclipse.jface" version="3.2.0" match="compatible"/>
      <import plugin="org.eclipse.core.databinding.observable" version="1.3.0" match="compatible"/>
      <import plugin="org.eclipse.core.databinding.property" version="1.3.0" match="compatible"/>
      <import plugin="org.eclipse.core.databinding" version="1.2.0" match="compatible"/>
      <import plugin="org.eclipse.equinox.registry" version="3.5.0" match="equivalent"/>
      <import plugin="org.eclipse.core.runtime" version="3.5.0" match="compatible"/>
      <import plugin="org.eclipse.swt" version="3.6.0" match="compatible"/>
      <import plugin="org.eclipse.ui" version="3.5.0" match="compatible"/>
      <import plugin="org.eclipse.jface.text" version="3.5.0" match="compatible"/>
      <import plugin="org.eclipse.ui.workbench.texteditor" version="3.5.0" match="compatible"/>
      <import plugin="org.eclipse.core.variables" version="3.2.0" match="compatible"/>
      <import plugin="org.eclipse.equinox.registry" version="3.4.0" match="compatible"/>
      <import plugin="org.eclipse.osgi.services"/>
      <import plugin="org.eclipse.compare.core" version="3.5.0" match="compatible"/>
      <import plugin="org.eclipse.core.expressions" version="3.4.100" match="compatible"/>
      <import plugin="org.eclipse.swt" version="3.0.0" match="compatible"/>
      <import plugin="org.eclipse.osgi" version="3.7.0" match="compatible"/>
      <import plugin="org.eclipse.core.jobs" version="3.2.0" match="compatible"/>
      <import plugin="org.eclipse.equinox.preferences" version="3.4.0" match="compatible"/>
      <import plugin="org.eclipse.equinox.app" version="1.0.0" match="greaterOrEqual"/>
      <import plugin="org.eclipse.core.expressions" version="3.4.200" match="compatible"/>
      <import plugin="org.eclipse.core.commands" version="3.4.0" match="compatible"/>
      <import plugin="org.eclipse.equinox.common" version="3.3.0" match="compatible"/>
      <import plugin="org.eclipse.core.filebuffers" version="3.5.0" match="compatible"/>
      <import plugin="org.eclipse.core.resources" version="3.5.0" match="compatible"/>
      <import plugin="com.ibm.icu" version="4.4.2" match="greaterOrEqual"/>
      <import plugin="org.eclipse.swt" version="3.8.0" match="compatible"/>
      <import plugin="org.eclipse.equinox.ds"/>
      <import plugin="org.eclipse.jface.text" version="3.8.0" match="compatible"/>
      <import plugin="org.eclipse.equinox.common" version="3.6.100" match="compatible"/>
      <import plugin="org.eclipse.ui" version="3.3.0" match="compatible"/>
      <import plugin="org.eclipse.core.net" version="1.0.0" match="compatible"/>
      <import plugin="org.eclipse.equinox.security" version="1.0.0" match="compatible"/>
      <import plugin="org.eclipse.equinox.common" version="3.4.0" match="greaterOrEqual"/>
      <import plugin="org.eclipse.equinox.preferences" version="3.2.200" match="greaterOrEqual"/>
      <import plugin="org.eclipse.osgi" version="3.4.0" match="greaterOrEqual"/>
      <import plugin="org.eclipse.equinox.registry" version="3.4.0" match="greaterOrEqual"/>
      <import plugin="org.eclipse.core.net" version="1.1.0" match="greaterOrEqual"/>
      <import plugin="org.eclipse.equinox.common" version="3.5.0" match="greaterOrEqual"/>
      <import plugin="org.eclipse.equinox.frameworkadmin"/>
      <import plugin="org.eclipse.equinox.frameworkadmin.equinox"/>
      <import feature="com.ti.uniflash.cli" version="1.0.0"/>
   </requires>

   <plugin
         id="org.eclipse.cdt.core"
         download-size="0"
         install-size="0"
         version="5.4.0.201206111645"
         unpack="false"/>

   <plugin
         id="com.ti.common.core"
         download-size="0"
         install-size="0"
         version="6.0.0.201403092200"
         unpack="false"/>

   <plugin
         id="org.eclipse.cdt.core.win32"
         os="win32"
         arch="x86"
         download-size="0"
         install-size="0"
         version="5.3.0.201206111645"
         fragment="true"
         unpack="false"/>

   <plugin
         id="com.ibm.icu"
         download-size="0"
         install-size="0"
         version="4.4.2.v20110823"
         unpack="false"/>

   <plugin
         id="com.ti.ccstudio.core"
         download-size="0"
         install-size="0"
         version="5.3.0.201210101700"
         unpack="false"/>

   <plugin
         id="com.ti.ccstudio.debug.server"
         download-size="0"
         install-size="0"
         version="5.3.0.201210101700"
         unpack="false"/>

   <plugin
         id="org.eclipse.core.filesystem"
         download-size="0"
         install-size="0"
         version="1.3.200.v20120522-2012"/>

   <plugin
         id="org.eclipse.ui.workbench"
         download-size="0"
         install-size="0"
         version="3.8.0.v20120521-2332"
         unpack="false"/>

   <plugin
         id="org.eclipse.core.filebuffers"
         download-size="0"
         install-size="0"
         version="3.5.200.v20120523-1310"
         unpack="false"/>

   <plugin
         id="org.eclipse.ui"
         download-size="0"
         install-size="0"
         version="3.8.0.v20120523-1546"
         unpack="false"/>

   <plugin
         id="org.eclipse.core.resources"
         download-size="0"
         install-size="0"
         version="3.8.0.v20120522-2034"
         unpack="false"/>

   <plugin
         id="com.ti.ccstudio.system.setup"
         download-size="0"
         install-size="0"
         version="5.3.0.201210101700"
         unpack="false"/>

   <plugin
         id="org.eclipse.cdt.core.win32.x86"
         os="win32"
         arch="x86"
         download-size="0"
         install-size="0"
         version="5.2.0.201206111645"
         fragment="true"/>

   <plugin
         id="org.eclipse.core.jobs"
         download-size="0"
         install-size="0"
         version="3.5.200.v20120521-2346"
         unpack="false"/>

   <plugin
         id="org.eclipse.osgi"
         download-size="0"
         install-size="0"
         version="3.8.0.v20120529-1548"
         unpack="false"/>

   <plugin
         id="com.ti.ccstudio.debug.server.core"
         download-size="0"
         install-size="0"
         version="5.3.0.201210101700"
         unpack="false"/>

   <plugin
         id="org.eclipse.compare.core"
         download-size="0"
         install-size="0"
         version="3.5.200.v20120522-1148"
         unpack="false"/>

   <plugin
         id="com.ti.ccstudio.swt"
         download-size="0"
         install-size="0"
         version="5.3.0.201210101700"
         fragment="true"
         unpack="false"/>

   <plugin
         id="org.eclipse.core.contenttype"
         download-size="0"
         install-size="0"
         version="3.4.200.v20120523-2004"
         unpack="false"/>

   <plugin
         id="org.eclipse.equinox.common"
         download-size="0"
         install-size="0"
         version="3.6.100.v20120522-1841"
         unpack="false"/>

   <plugin
         id="org.eclipse.text"
         download-size="0"
         install-size="0"
         version="3.5.200.v20120523-1310"
         unpack="false"/>

   <plugin
         id="com.ti.uniflash.rcp"
         download-size="0"
         install-size="0"
         version="1.0.0.201602120704"
         unpack="false"/>

   <plugin
         id="org.eclipse.core.expressions"
         download-size="0"
         install-size="0"
         version="3.4.400.v20120523-2004"
         unpack="false"/>

   <plugin
         id="org.eclipse.jface.databinding"
         download-size="0"
         install-size="0"
         version="1.6.0.v20120521-2332"
         unpack="false"/>

   <plugin
         id="org.eclipse.core.variables"
         download-size="0"
         install-size="0"
         version="3.2.600.v20120521-2012"
         unpack="false"/>

   <plugin
         id="org.eclipse.swt"
         download-size="0"
         install-size="0"
         version="3.8.0.v3833"
         unpack="false"/>

   <plugin
         id="org.eclipse.core.runtime.compatibility.registry"
         download-size="0"
         install-size="0"
         version="3.5.100.v20120521-2346"
         fragment="true"/>

   <plugin
         id="org.eclipse.core.commands"
         download-size="0"
         install-size="0"
         version="3.6.1.v20120521-2332"
         unpack="false"/>

   <plugin
         id="org.eclipse.jface.text"
         download-size="0"
         install-size="0"
         version="3.8.0.v20120531-0600"
         unpack="false"/>

   <plugin
         id="org.eclipse.ui.console"
         download-size="0"
         install-size="0"
         version="3.5.100.v20120521-2012"
         unpack="false"/>

   <plugin
         id="org.eclipse.equinox.app"
         download-size="0"
         install-size="0"
         version="1.3.100.v20120522-1841"
         unpack="false"/>

   <plugin
         id="org.eclipse.ui.workbench.texteditor"
         download-size="0"
         install-size="0"
         version="3.8.0.v20120523-1310"
         unpack="false"/>

   <plugin
         id="org.eclipse.swt.win32.win32.x86"
         os="win32"
         ws="win32"
         arch="x86"
         download-size="0"
         install-size="0"
         version="3.8.0.v3833"
         fragment="true"
         unpack="false"/>

   <plugin
         id="org.eclipse.core.runtime"
         download-size="0"
         install-size="0"
         version="3.8.0.v20120521-2346"
         unpack="false"/>

   <plugin
         id="org.eclipse.core.databinding"
         download-size="0"
         install-size="0"
         version="1.4.1.v20120521-2332"
         unpack="false"/>

   <plugin
         id="org.eclipse.help"
         download-size="0"
         install-size="0"
         version="3.6.0.v20120521-2344"
         unpack="false"/>

   <plugin
         id="com.ti.base.ui"
         download-size="0"
         install-size="0"
         version="5.3.0.201210101700"
         unpack="false"/>

   <plugin
         id="com.ti.uniflash"
         download-size="0"
         install-size="0"
         version="1.0.0.201602120704"
         unpack="false"/>

   <plugin
         id="org.eclipse.core.databinding.observable"
         download-size="0"
         install-size="0"
         version="1.4.1.v20120521-2332"
         unpack="false"/>

   <plugin
         id="org.eclipse.equinox.preferences"
         download-size="0"
         install-size="0"
         version="3.5.0.v20120522-1841"
         unpack="false"/>

   <plugin
         id="org.eclipse.jface"
         download-size="0"
         install-size="0"
         version="3.8.0.v20120521-2332"
         unpack="false"/>

   <plugin
         id="org.eclipse.equinox.registry"
         download-size="0"
         install-size="0"
         version="3.5.200.v20120522-1841"
         unpack="false"/>

   <plugin
         id="org.eclipse.ltk.core.refactoring"
         download-size="0"
         install-size="0"
         version="3.6.0.v20120523-1543"
         unpack="false"/>

   <plugin
         id="org.eclipse.core.databinding.property"
         download-size="0"
         install-size="0"
         version="1.4.100.v20120523-1956"
         unpack="false"/>

   <plugin
         id="org.eclipse.swt.gtk.linux.x86"
         os="linux"
         ws="gtk"
         download-size="0"
         install-size="0"
         version="3.8.0.v3833"
         fragment="true"
         unpack="false"/>

   <plugin
         id="com.ti.uniflash.session"
         download-size="0"
         install-size="0"
         version="1.0.0.201602120704"
         unpack="false"/>

   <plugin
         id="org.eclipse.ui.net"
         download-size="0"
         install-size="0"
         version="1.2.100.v20120522-1148"
         unpack="false"/>

   <plugin
         id="org.eclipse.core.net"
         download-size="0"
         install-size="0"
         version="1.2.200.v20120522-1148"
         unpack="false"/>

   <plugin
         id="org.eclipse.core.net.win32.x86"
         os="win32"
         ws="win32"
         download-size="0"
         install-size="0"
         version="1.0.100.v20120522-1148"
         fragment="true"
         unpack="false"/>

   <plugin
         id="org.eclipse.core.net.linux.x86"
         os="linux"
         ws="gtk"
         download-size="0"
         install-size="0"
         version="1.1.200.v20120522-1148"
         fragment="true"
         unpack="false"/>

   <plugin
         id="com.ti.uniflash.branding"
         download-size="0"
         install-size="0"
         version="1.0.0.201602120704"/>

   <plugin
         id="org.eclipse.equinox.simpleconfigurator"
         download-size="0"
         install-size="0"
         version="1.0.300.v20110815-1744"
         unpack="false"/>

   <plugin
         id="org.eclipse.equinox.simpleconfigurator.manipulator"
         download-size="0"
         install-size="0"
         version="2.0.0.v20110808-1657"
         unpack="false"/>

   <plugin
         id="com.ti.jna"
         download-size="0"
         install-size="0"
         version="1.0.0.201602120704"/>

   <plugin
         id="com.ti.common.core.utils.ds"
         download-size="0"
         install-size="0"
         version="1.0.0.201403071400"
         unpack="false"/>

   <plugin
         id="com.ti.common.core.utils.local"
         download-size="0"
         install-size="0"
         version="1.0.0.201403092200"
         unpack="false"/>

   <plugin
         id="com.ti.uniflash.common.libs"
         download-size="0"
         install-size="0"
         version="1.0.0.201602120704"/>

   <plugin
         id="com.ti.uniflash.script.runner"
         download-size="0"
         install-size="0"
         version="1.0.0.201602120704"
         unpack="false"/>

   <plugin
         id="com.ti.ccstudio.p2app"
         download-size="0"
         install-size="0"
         version="6.0.0.201502111100"
         unpack="false"/>

   <plugin
         id="com.ti.uniflash.common"
         download-size="0"
         install-size="0"
         version="1.0.0.201602120704"
         unpack="false"/>

   <plugin
         id="com.ti.uniflash.cc3xx"
         download-size="0"
         install-size="0"
         version="1.0.0.201602120704"
         unpack="false"/>

</feature>
