name,time,nodeid,value
test,1520566955690264064,58243,"0,24,49,72,20,"
test,1520566955694084864,58243,"Receiver received message from 163.6, seqno 3, data length: 29545, data contained: 20,25,50,70,20,24,49,72,20,"
test,1520566955695866112,58243,"Receiver received message from 163.6, seqno 0, data length: 29545, data contained: 20,25,50,70,20,24,49,72,20,"
test,1520566955696367872,58243,"Receiver received message from 163.6, seqno 1, data length: 29545, data contained: 20,25,50,70,20,24,49,72,20,"
test,1520566955696837888,58243,"Receiver received message from 163.6, seqno 2, data length: 29545, data contained: 20,25,50,70,20,24,49,72,20,"
test,1520566955697346048,58243,"Receiver received message from 163.6, seqno 3, data length: 29545, data contained: 20,25,50,70,20,24,49,72,20,"
test,1520566955698040064,58243,"Receiver received message from 163.6, seqno 3 (DUPLICATE)"
test,1520566955698711040,58243,Starting Contiki-3.x-3341-g80dbe5c
test,1520566955699512064,58243,With DriverLib v0.47020
test,1520566955700233984,58243,TI CC2650 SensorTag
test,1520566955700783872,58243,"IEEE 802.15.4: Yes, Sub-GHz: No, BLE: Yes, Prop: Yes"
test,1520566955701236992,58243," Net: Rime"
test,1520566955701658880,58243," MAC: nullmac"
test,1520566955702076928,58243," RDC: ContikiMAC, Channel Check Interval: 4 ticks"
test,1520566955702501888,58243," RF: Channel 11"
test,1520566955702918912,58243," Node ID: 58243"
test,1520566955703332864,58243,Starting Contiki-3.x-3300-g3c150a5
test,1520566955703737088,58243,With DriverLib v0.47020
test,1520566955704133120,58243,TI CC2650 SensorTag
test,1520566955704524032,58243,"IEEE 802.15.4: Yes, Sub-GHz: No, BLE: Yes, Prop: Yes"
test,1520566955704911104,58243," Net: sicslowpan"
test,1520566964587663872,58243," MAC: CReceiver received message from 163.6, seqno 2, data length: 29545, data contained: 20,25,50,70,20,24,49,72,20,24,49,73,20,24,51,73,20,24,53,73,20,26,54,74,20,28,54,77,20,29,"
test,1520566974649539072,58243,"Receiver received message from 163.6, seqno 3, data length: 29545, data contained: 20,25,50,70,20,24,49,72,20,24,49,73,20,24,51,73,20,24,53,73,20,26,54,74,20,28,54,77,20,29,"
test,1520566984710864128,58243,"Receiver received message from 163.6, seqno 0, data length: 29545, data contained: 20,25,50,70,20,24,49,72,20,24,49,73,20,24,51,73,20,24,53,73,20,26,54,74,20,28,54,77,20,29,"
test,1520566994772881920,58243,"Receiver received message from 163.6, seqno 1, data length: 29545, data contained: 20,25,50,70,20,24,49,72,20,24,49,73,20,24,51,73,20,24,53,73,20,26,54,74,20,28,54,77,20,29,"
test,1520567004836762880,58243,"Receiver received message from 163.6, seqno 2, data length: 29545, data contained: 20,25,50,70,20,24,49,72,20,24,49,73,20,24,51,73,20,24,53,73,20,26,54,74,20,28,54,77,20,29,"
test,1520567014899019008,58243,"Receiver received message from 163.6, seqno 3, data length: 29545, data contained: 20,25,50,70,20,24,49,72,20,24,49,73,20,24,51,73,20,24,53,73,20,26,54,74,20,28,54,77,20,29,"
test,1520567024961288960,58243,"Receiver received message from 163.6, seqno 0, data length: 29545, data contained: 20,25,50,70,20,24,49,72,20,24,49,73,20,24,51,73,20,24,53,73,20,26,54,74,20,28,54,77,20,29,"
test,1520567035023597056,58243,"Receiver received message from 163.6, seqno 1, data length: 29545, data contained: 20,25,50,70,20,24,49,72,20,24,49,73,20,24,51,73,20,24,53,73,20,26,54,74,20,28,54,77,20,29,"
test,1520567045085856000,58243,"Receiver received message from 163.6, seqno 2, data length: 29545, data contained: 20,25,50,70,20,24,49,72,20,24,49,73,20,24,51,73,20,24,53,73,20,26,54,74,20,28,54,77,20,29,"
test,1520567055148282112,58243,"Receiver received message from 163.6, seqno 3, data length: 29545, data contained: 20,25,50,70,20,24,49,72,20,24,49,73,20,24,51,73,20,24,53,73,20,26,54,74,20,28,54,77,20,29,"
test,1520567065210434816,58243,"Receiver received message from 163.6, seqno 0, data length: 29545, data contained: 20,25,50,70,20,24,49,72,20,24,49,73,20,24,51,73,20,24,53,73,20,26,54,74,20,28,54,77,20,29,"
test,1520567075272937984,58243,"Receiver received message from 163.6, seqno 1, data length: 29545, data contained: 20,25,50,70,20,24,49,72,20,24,49,73,20,24,51,73,20,24,53,73,20,26,54,74,20,28,54,77,20,29,"
test,1520567085335108096,58243,"Receiver received message from 163.6, seqno 2, data length: 29545, data contained: 20,25,50,70,20,24,49,72,20,24,49,73,20,24,51,73,20,24,53,73,20,26,54,74,20,28,54,77,20,29,"
test,1520567095395854848,58243,"Receiver received message from 163.6, seqno 3, data length: 29545, data contained: 20,25,50,70,20,24,49,72,20,24,49,73,20,24,51,73,20,24,53,73,20,26,54,74,20,28,54,77,20,29,"
test,1520567105459660032,58243,"Receiver received message from 163.6, seqno 0, data length: 29545, data contained: 20,25,50,70,20,24,49,72,20,24,49,73,20,24,51,73,20,24,53,73,20,26,54,74,20,28,54,77,20,29,"
test,1520567115522098944,58243,"Receiver received message from 163.6, seqno 1, data length: 29545, data contained: 20,25,50,70,20,24,49,72,20,24,49,73,20,24,51,73,20,24,53,73,20,26,54,74,20,28,54,77,20,29,"
test,1520567125584454144,58243,"Receiver received message from 163.6, seqno 2, data length: 29545, data contained: 20,25,50,70,20,24,49,72,20,24,49,73,20,24,51,73,20,24,53,73,20,26,54,74,20,28,54,77,20,29,"
test,1520567135646891008,58243,"Receiver received message from 163.6, seqno 3, data length: 29545, data contained: 20,25,50,70,20,24,49,72,20,24,49,73,20,24,51,73,20,24,53,73,20,26,54,74,20,28,54,77,20,29,"
test,1520567145719938048,58243,"Receiver received message from 163.6, seqno 0, data length: 29545, data contained: 20,25,50,70,20,24,49,72,20,24,49,73,20,24,51,73,20,24,53,73,20,26,54,74,20,28,54,77,20,29,"
test,1520567146697405952,58243,"Receiver received message from 163.6, seqno 0 (DUPLICATE)"
test,1520567155768572928,58243,"Receiver received message from 163.6, seqno 1, data length: 29545, data contained: 20,25,50,70,20,24,49,72,20,24,49,73,20,24,51,73,20,24,53,73,20,26,54,74,20,28,54,77,20,29,"
test,1520567165832197888,58243,"Receiver received message from 163.6, seqno 2, data length: 29545, data contained: 20,25,50,70,20,24,49,72,20,24,49,73,20,24,51,73,20,24,53,73,20,26,54,74,20,28,54,77,20,29,"
test,1520567175893369856,58243,"Receiver received message from 163.6, seqno 3, data length: 29545, data contained: 20,25,50,70,20,24,49,72,20,24,49,73,20,24,51,73,20,24,53,73,20,26,54,74,20,28,54,77,20,29,"
test,1520567185955610112,58243,"Receiver received message from 163.6, seqno 0, data length: 29545, data contained: 20,25,50,70,20,24,49,72,20,24,49,73,20,24,51,73,20,24,53,73,20,26,54,74,20,28,54,77,20,29,"
test,1520567196017775104,58243,"Receiver received message from 163.6, seqno 1, data length: 29545, data contained: 20,25,50,70,20,24,49,72,20,24,49,73,20,24,51,73,20,24,53,73,20,26,54,74,20,28,54,77,20,29,"
test,1520567206080195840,58243,"Receiver received message from 163.6, seqno 2, data length: 29545, data contained: 20,25,50,70,20,24,49,72,20,24,49,73,20,24,51,73,20,24,53,73,20,26,54,74,20,28,54,77,20,29,"
test,1520567216142575104,58243,"Receiver received message from 163.6, seqno 3, data length: 29545, data contained: 20,25,50,70,20,24,49,72,20,24,49,73,20,24,51,73,20,24,53,73,20,26,54,74,20,28,54,77,20,29,"
test,1520567226204723968,58243,"Receiver received message from 163.6, seqno 0, data length: 29545, data contained: 20,25,50,70,20,24,49,72,20,24,49,73,20,24,51,73,20,24,53,73,20,26,54,74,20,28,54,77,20,29,"
test,1520567236267224064,58243,"Receiver received message from 163.6, seqno 1, data length: 29545, data contained: 20,25,50,70,20,24,49,72,20,24,49,73,20,24,51,73,20,24,53,73,20,26,54,74,20,28,54,77,20,29,"
test,1520567246329364992,58243,"Receiver received message from 163.6, seqno 2, data length: 29545, data contained: 20,25,50,70,20,24,49,72,20,24,49,73,20,24,51,73,20,24,53,73,20,26,54,74,20,28,54,77,20,29,"
test,1520567256391681024,58243,"Receiver received message from 163.6, seqno 3, data length: 29545, data contained: 20,25,50,70,20,24,49,72,20,24,49,73,20,24,51,73,20,24,53,73,20,26,54,74,20,28,54,77,20,29,"
test,1520567266453896960,58243,"Receiver received message from 163.6, seqno 0, data length: 29545, data contained: 20,25,50,70,20,24,49,72,20,24,49,73,20,24,51,73,20,24,53,73,20,26,54,74,20,28,54,77,20,29,"
test,1520567276516324096,58243,"Receiver received message from 163.6, seqno 1, data length: 29545, data contained: 20,25,50,70,20,24,49,72,20,24,49,73,20,24,51,73,20,24,53,73,20,26,54,74,20,28,54,77,20,29,"
